title,error,mfcc_1,mfcc_2,mfcc_3,mfcc_4,mfcc_5,mfcc_6,mfcc_7,mfcc_8,mfcc_9,mfcc_10,mfcc_11,mfcc_12,mfcc_13
MIDI-Unprocessed_02_R2_2008_01-05_ORIG_MID--AUDIO_02_R2_2008_wav--4.wav,,-350.8088073730469,213.13597106933594,16.860788345336914,-14.35196304321289,12.527408599853516,0.7094331979751587,-8.839032173156738,-7.165950775146484,-9.09550952911377,-10.059494972229004,-8.851933479309082,-4.756621837615967,-0.6875361800193787
MIDI-Unprocessed_041_PIANO041_MID--AUDIO-split_07-06-17_Piano-e_1-01_wav--1.wav,,-409.8550109863281,180.4467315673828,23.530956268310547,-18.41948699951172,1.111446499824524,-1.4222146272659302,-11.385958671569824,-11.605778694152832,-12.42249870300293,-14.630833625793457,-12.267477989196777,-7.790014743804932,-6.785525798797607
MIDI-Unprocessed_043_PIANO043_MID--AUDIO-split_07-06-17_Piano-e_1-03_wav--3.wav,,-310.71173095703125,236.0509796142578,-3.2561230659484863,-23.016216278076172,12.282689094543457,-3.429241180419922,-6.641820907592773,-3.3151142597198486,-10.035662651062012,-10.045390129089355,-7.418087482452393,-8.119499206542969,-7.578308582305908