section_label,start_sec,end_sec,confidence_manual
Soft Ambient Intro,0,13.266010,0.8
Intro/Vocal,13.266010,25.734835,0.8
Verse 1,25.734835,50.684478,0.8
Pre-Chorus 1,50.684478,63.138314,0.7
Chorus 1,63.138314,88.061865,0.8
Verse 2,88.061865,113.008953,0.8
Pre-Chorus 2,113.008953,125.461902,0.7
Chorus 2,125.461902,150.449738,0.8
Bridge,150.449738,176.902650,0.7
Final Chorus,176.902650,203.386316,0.7
Outro,203.386316,214.879979,0.7