section_label;start_sec;end_sec;confidence_manual
Intro;0.000;14.421067;0.9
Verse_1;14.421056;41.930653;0.8
Pre_Chorus_1;41.930653;56.987075;0.8
Chorus_1;56.987075;92.613545;0.8
Verse_2;92.613545;120.395946;0.8
Pre_Chorus_2;120.395946;135.352964;0.8
Chorus_2;135.352964;164.115841;0.8
Bridge;164.115841;180.545310;0.7
Final_Chorus;180.545310;212.897940;0.8
Outro;212.897940;233.599979;0.8