section_label;start_sec;end_sec;confidence_manual
Intro;0.000;25.711357;0.8
Main_Theme;25.711357;56.297270;0.6
Build;56.297270;123.120686;0.6
Expansive_Variation;123.120686;171.772490;0.7
Final_Section;171.772490;224.039979;0.7